ID;RELEASE_DATE;CV;LETTER;ID_OFFER;ID_USER
1;05/02/2018;history.odp;Language bed deal hope drive trial national.;16;50
2;14/09/2022;movie.flac;Term painting guess in loss message.;45;36
3;05/03/2008;price.tiff;Hospital but believe generation.;36;24
4;13/07/2005;happy.jpeg;Scientist outside gas box.;18;25
5;28/11/1984;later.doc;Skin may participant sit follow radio.;33;11
6;15/08/1991;trade.mov;After include south part.;34;42
7;10/09/2012;property.gif;Person candidate continue town south.;12;26
8;25/12/1992;by.txt;Tough will reflect as onto pick.;30;26
9;21/02/1994;economy.png;Into now able most degree actually today.;5;21
10;14/06/2015;defense.xls;Analysis often of daughter either professor.;10;49
11;14/01/2004;win.key;Police much help skin strategy just usually.;7;7
12;23/07/2006;officer.key;Trade site get study become.;30;47
13;26/04/1979;central.mp4;Our brother southern threat stand.;24;19
14;28/09/2009;so.js;Mean so political your research someone.;22;25
15;19/03/1987;someone.flac;Call central travel box note.;17;49
16;22/09/2007;to.avi;Human experience relate happen.;5;41
17;17/12/2007;wonder.css;Onto enjoy present be human.;35;6
18;24/05/1985;member.js;Fly window power attorney resource figure.;1;19
19;21/11/2021;huge.xlsx;Really herself as memory.;41;16
20;01/12/2011;whom.docx;Offer air political save.;32;35
21;16/07/1972;loss.tiff;Professional support sell assume.;50;16
22;07/05/2001;nature.xlsx;Line case land city step matter.;16;22
23;05/06/1991;develop.json;Budget your himself and.;50;41
24;26/02/1975;wrong.ppt;Remember concern per enjoy.;21;13
25;25/03/1975;participant.pdf;Security fear million agency.;29;37
26;18/12/1994;better.csv;Office beat join rock song word degree.;5;17
27;27/04/2009;maybe.odp;Likely reflect role computer.;44;12
28;27/04/1987;avoid.mp3;Partner agree animal of simple. Dog the manage I.;47;34
29;19/08/1970;low.docx;Hold attack account lose drive lot tax various.;37;48
30;03/12/2005;word.jpg;Treatment several hour available nor.;21;50
31;11/04/2007;tell.avi;Current want whether face surface loss.;40;5
32;04/12/1981;debate.mp3;Hot right really letter statement next picture.;44;35
33;24/01/1998;side.jpeg;Pass design east recent ago find have.;2;22
34;24/06/2024;investment.doc;Less manager simple should plant police if.;21;1
35;07/07/1972;onto.json;Two floor about.;9;44
36;12/08/1985;be.json;Activity leg catch age land.;26;24
37;02/12/2007;sit.html;Scene design maintain understand major hand.;28;12
38;30/10/2015;cause.xlsx;Lot prove its.;30;43
39;04/10/1999;reality.ppt;Rate spend chair once network by.;37;24
40;10/01/2003;against.wav;Bring all crime rise.;3;3
41;29/10/1996;region.mov;Word star take. Kind event or.;4;19
42;26/04/1989;history.css;Lead believe develop ask.;15;43
43;28/08/1972;stuff.mp3;Once party girl large a toward strategy.;24;22
44;26/10/2012;light.txt;Someone carry cost argue.;48;24
45;02/10/1998;crime.flac;Item edge message throughout unit occur human.;35;42
46;06/03/2006;score.flac;Significant policy follow.;30;20
47;19/06/1996;painting.mp4;Long thus good live.;30;14
48;25/11/2007;benefit.xlsx;Machine card eight middle leave meet avoid.;16;35
49;14/08/2004;traditional.csv;Fine clearly reach science mission support gas.;39;18
50;24/07/2004;example.numbers;Draw find specific threat.;25;27
