ID;LASTNAME;FIRSTNAME;PASSWORD;MAIL;ID_ROLE
1;Pope;James;@BFHdQlAQ0;natashadominguez@gmail.com;1
2;Schwartz;Dwayne;)2C9i5SCsn;cneal@thomas.biz;2
3;Ballard;Louis;s6uUyki_)7;lindamoreno@ross.com;3
4;Hernandez;Erin;f5K2(e^R*m;brianboyd@ellis.com;2
5;Nielsen;Ryan;)pXUns6j8E;jeffreyunderwood@hotmail.com;1
6;Powers;Nicole;Gxk@9Di&z2;tyler91@yahoo.com;2
7;Carr;Stephanie;!_H%15EiPW;nclark@hotmail.com;3
8;Oconnor;Matthew;_9DD2JkItp;ohill@harrell-castro.net;2
9;Davis;Jane;WV3W)krq5&;yatesalexander@weber-wright.com;1
10;Davis;Brandon;&cGfI5*i0O;wanderson@jackson.com;2
11;Warner;Debbie;b*O1+DQyBx;joseph36@hotmail.com;3
12;Sampson;Christopher;IbU1GdT$@Q;april58@powers-thompson.com;2
13;Butler;Kimberly;6n9Ie*UCk@;micheal54@carter.com;1
14;Jones;Robert;*7x1Wvz7#$;caitlin95@thomas.com;2
15;Woods;Eric;hk1j1JXdt%;cannonconnie@gmail.com;3
16;Garcia;John;5mhDP!Ir%I;wernerconnie@hotmail.com;2
17;Smith;Amy;_+rI^Mmzl7;ycline@gmail.com;1
18;Davis;Linda;z7FSCnar!G;anthony51@gmail.com;2
19;Martin;Steven;*6j4mJGd8O;johnshelton@allen.biz;3
20;Gonzalez;Mark;@2KcK9MBqR;sarah20@wilson.com;2
21;Wiggins;Robert;Dc%8H)p!@V;vincentyolanda@gmail.com;1
22;Meadows;Michelle;F3Kq2JIw%f;contreraschristian@holmes.com;2
23;Mullins;Erin;n)6iJOzN%$;hwilliams@gmail.com;3
24;Tanner;Rebecca;Gq2hTcRsu!;wsmith@gmail.com;2
25;Lara;Jennifer;r14p1Itbs);joshuahester@hotmail.com;2
26;Nielsen;Jessica;M0N4hg&(^D;robertjarvis@gmail.com;2
27;Spencer;Christina;Y1^kQ)i5&r;dlevine@hotmail.com;1
28;Walker;Mark;UDE6!ZXu0@;tiffanyadams@yahoo.com;1
29;Bowman;Richard;#MK5^f^aC0;brian87@brown-nguyen.com;2
30;Horton;Julie;ko3J#gFwY#;flemingjoshua@ferguson.net;2
31;Morgan;Kristen;tG3Hz(eQ5);carrillomichelle@bentley.com;2
32;Henderson;Brian;@cL%&0Cb(^;yray@hotmail.com;3
33;Martin;Charles;@BJwmIKf_6;timothy36@schmidt.biz;3
34;Neal;Jon;ua!0As3ToY;kgraham@gmail.com;3
35;Peterson;Jason;%9CUue%i%z;wsmith@davis.com;1
36;Richardson;Tanya;t+*5u6My!D;davidbrown@mayer.info;2
37;Swanson;Thomas;_73ZHM)o2l;htaylor@hotmail.com;1
38;Moore;Eduardo;@Zc3vPTFg6;moralesjoshua@gordon.com;2
39;Ruiz;David;$*ZKOCcf8D;timothysloan@yahoo.com;1
40;Mitchell;Michael;^MEi1Zshl*;kimberly56@rice.com;2
41;Salazar;Mckenzie;@f&9KFgsni;anthonycummings@gmail.com;2
42;Nguyen;Sara;+K2Iokhxb^;aschwartz@levy-cross.org;2
43;White;Jack;^12bpwZjIr;zachary60@hotmail.com;3
44;Allen;Alexa;2(2LpoIAlV;murphymichael@klein.info;3
45;Steele;Joshua;Ru#8LeHKOs;evanslisa@hotmail.com;3
46;Johnson;James;*hhGfUJe!0;michael62@gmail.com;3
47;Carrillo;Angela;&9dPf^uV!5;cochranjames@gmail.com;3
48;Murray;Krystal;&G6BNnxS40;glendawallace@james.net;1
49;Archer;Katie;u*b9*MzcYm;woodandrea@roy.com;1
50;Andrews;Scott;P+88X4%gw1;ndorsey@ross.org;1
