ID;NAME;DESCRIPTION;MAIL;PHONE
1;Le, Snyder and Bowman;Her close wear husband car girl.;sotosusan@mcdowell.com;0223238733
2;Bridges and Sons;Quality game role drive budget.;stoutcody@hotmail.com;0677180578
3;Franklin-Nelson;Guess bank ok look identify live beat.;timothypeterson@hill.com;0681534097
4;Chandler Ltd;Difference bank together scientist.;george82@gmail.com;0611282103
5;Marks, Malone and Schroeder;Or that outside this act man moment.;crawfordlisa@ramirez-wilson.com;0654531981
6;Wood, Patterson and Robinson;Somebody prove force natural account training.;jonesnicole@rhodes.com;0266467093
7;Bonilla Inc;Assume attention police heavy result.;gloriadalton@yu.info;0675326567
8;Webb Group;Pull visit wife peace bar send seven those.;amanda53@yahoo.com;0661993638
9;Gaines PLC;Indicate someone against to.;jessebuck@buck-roberts.com;0232047480
10;Morrison, Lucas and Ortega;Laugh agreement onto outside soon coach.;lopezdylan@gmail.com;0288209065
11;Barnes PLC;May left difficult television believe key remain.;utaylor@hotmail.com;0220625308
12;Lewis, Vazquez and Watson;May official east thought.;jennifer97@hotmail.com;0295233681
13;Sanchez, Henry and Lucero;Art space identify woman.;uford@hotmail.com;0226224102
14;Henderson-Lopez;Entire affect network.;qshepherd@gmail.com;0665103560
15;Espinoza, Reynolds and Day;Part knowledge senior.;harperjason@hotmail.com;0626843390
16;Johnson, Hammond and Drake;Two often collection sister.;rosariojohn@yahoo.com;0237304040
17;Maldonado, Barnes and Clay;Group during network perform tree change wonder.;gfletcher@johnson.com;0294422062
18;Ford, Hunter and Hamilton;Wait light develop. Coach around positive each.;cesar01@yahoo.com;0684813277
19;Chase, Matthews and Choi;Computer move reality stuff let free.;matthew46@contreras-kim.com;0283204582
20;Huang-Carter;Site either gun news network great mother.;kurtpowell@hotmail.com;0217097471
21;Ramirez-Boyd;Wonder pay recognize cold network sea.;michael33@gmail.com;0621618835
22;Johnson-Johnson;Culture pressure staff person yes stay.;kellybilly@gmail.com;0688685355
23;Morris-Harrison;Prove prepare institution anyone few body.;xshaw@jenkins.com;0236840115
24;Kelly-Jones;Current myself class attention there late.;michael54@hotmail.com;0618990158
25;Montgomery LLC;Peace street environmental collection hit.;joshuaperez@phillips.com;0643892272
26;Brooks-Herrera;Ago difference record tree too may.;gpruitt@davenport.org;0291126525
27;Guzman, Snyder and Chen;Team hour employee least recent adult base.;hamiltonkathryn@yahoo.com;0292979233
28;Harrison and Sons;Fish professional listen three water.;tgonzalez@mayer.com;0223910309
29;Turner, Dunn and Price;New order happen every true around suggest.;friedmaneddie@harris-bautista.com;0237653851
30;Donaldson-Wood;Station spend offer together feeling.;delgadoanthony@hotmail.com;0226620609
31;Wolfe Group;Stand fine former.;wardkathy@hotmail.com;0628254110
32;English-Frederick;Close sense special yes tell.;alexaconrad@jones.com;0635962283
33;Ward LLC;Gun carry somebody former lose back question.;kaitlyn16@brown-webb.com;0686785985
34;Horne-Johnson;Home nation bank.;victorialowery@yahoo.com;0684655228
35;Martinez PLC;Return real style color dinner.;ywarner@smith.com;0659975435
36;White, Schwartz and Mason;Vote subject tell letter network town.;ulong@frey.com;0637412584
37;Buckley-Morse;Right seek teach wide.;franciscomorrison@sanders.com;0254105560
38;Smith, Parker and Yoder;That wait especially.;ojames@schultz.net;0246401443
39;Bowen, Love and Davis;Decision yeah east against.;meghan12@white-smith.biz;0696925566
40;Duarte, Patrick and Kelly;Suddenly against whether this sea picture what.;juliemiller@hotmail.com;0260957533
41;Anderson, Martinez and Cook;Statement usually those recent budget.;kingmark@hardy.net;0668676788
42;Robles Ltd;Unit back forward leg.;gonzalezpeter@bradley-rodriguez.com;0249286141
43;Sampson PLC;Across second movie ground federal down.;michael66@wu.org;0247132757
44;Rodriguez Ltd;Generation suggest million.;michaelhayes@hotmail.com;0652113994
45;Davis LLC;Long make along production fear dinner stand.;justintorres@yahoo.com;0211999152
46;Padilla, Jones and Morris;Six manager director until boy.;lhamilton@mitchell.com;0230371155
47;Franklin-Stevens;Practice growth discussion itself summer.;billy18@becker-cameron.com;0243033651
48;Castro-Lyons;Job issue establish recognize dream discuss.;johnnyrivas@quinn-larson.com;0620112007
49;Guerra, Scott and Moss;Marriage ball model design whole cost.;gonzalesapril@yahoo.com;0614260591
50;Ray-Armstrong;Contain visit suffer alone.;williamberger@yahoo.com;0612288429
